{"cameraMode":{"drawMode":0,"name":"Shaded","section":"Shading Mode"},"sceneLighting":true,"audioPlay":false,"sceneViewState":{"showFog":true,"showMaterialUpdate":false,"showSkybox":true,"showFlares":true,"showImageEffects":true,"showParticleSystems":true},"in2DMode":false,"pivot":{"x":-0.9665548801422119,"y":0.8274893760681152,"z":8.902484893798829},"rotation":{"x":-0.1020512804389,"y":0.0393795445561409,"z":-0.004043038468807936,"w":-0.9939918518066406},"size":7.258203506469727,"orthographic":false}